{
    "1": [
        0.038461538461538464,
        0.038461538461538464
    ],
    "2": [
        0.038461538461538464,
        0.11538461538461539
    ],
    "3": [
        0.038461538461538464,
        0.19230769230769232
    ],
    "4": [
        0.038461538461538464,
        0.2692307692307692
    ],
    "5": [
        0.038461538461538464,
        0.34615384615384615
    ],
    "6": [
        0.038461538461538464,
        0.4230769230769231
    ],
    "7": [
        0.038461538461538464,
        0.5
    ],
    "8": [
        0.038461538461538464,
        0.5769230769230769
    ],
    "9": [
        0.038461538461538464,
        0.6538461538461539
    ],
    "10": [
        0.038461538461538464,
        0.7307692307692307
    ],
    "11": [
        0.038461538461538464,
        0.8076923076923077
    ],
    "12": [
        0.038461538461538464,
        0.8846153846153846
    ],
    "13": [
        0.038461538461538464,
        0.9615384615384616
    ],
    "14": [
        0.11538461538461539,
        0.038461538461538464
    ],
    "15": [
        0.11538461538461539,
        0.11538461538461539
    ],
    "16": [
        0.11538461538461539,
        0.19230769230769232
    ],
    "17": [
        0.11538461538461539,
        0.2692307692307692
    ],
    "18": [
        0.11538461538461539,
        0.34615384615384615
    ],
    "19": [
        0.11538461538461539,
        0.4230769230769231
    ],
    "20": [
        0.11538461538461539,
        0.5
    ],
    "21": [
        0.11538461538461539,
        0.5769230769230769
    ],
    "22": [
        0.11538461538461539,
        0.6538461538461539
    ],
    "23": [
        0.11538461538461539,
        0.7307692307692307
    ],
    "24": [
        0.11538461538461539,
        0.8076923076923077
    ],
    "25": [
        0.11538461538461539,
        0.8846153846153846
    ],
    "26": [
        0.11538461538461539,
        0.9615384615384616
    ],
    "27": [
        0.19230769230769232,
        0.038461538461538464
    ],
    "28": [
        0.19230769230769232,
        0.11538461538461539
    ],
    "29": [
        0.19230769230769232,
        0.19230769230769232
    ],
    "30": [
        0.19230769230769232,
        0.2692307692307692
    ],
    "31": [
        0.19230769230769232,
        0.34615384615384615
    ],
    "32": [
        0.19230769230769232,
        0.4230769230769231
    ],
    "33": [
        0.19230769230769232,
        0.5
    ],
    "34": [
        0.19230769230769232,
        0.5769230769230769
    ],
    "35": [
        0.19230769230769232,
        0.6538461538461539
    ],
    "36": [
        0.19230769230769232,
        0.7307692307692307
    ],
    "37": [
        0.19230769230769232,
        0.8076923076923077
    ],
    "38": [
        0.19230769230769232,
        0.8846153846153846
    ],
    "39": [
        0.19230769230769232,
        0.9615384615384616
    ],
    "40": [
        0.2692307692307692,
        0.038461538461538464
    ],
    "41": [
        0.2692307692307692,
        0.11538461538461539
    ],
    "42": [
        0.2692307692307692,
        0.19230769230769232
    ],
    "43": [
        0.2692307692307692,
        0.2692307692307692
    ],
    "44": [
        0.2692307692307692,
        0.34615384615384615
    ],
    "45": [
        0.2692307692307692,
        0.4230769230769231
    ],
    "46": [
        0.2692307692307692,
        0.5
    ],
    "47": [
        0.2692307692307692,
        0.5769230769230769
    ],
    "48": [
        0.2692307692307692,
        0.6538461538461539
    ],
    "49": [
        0.2692307692307692,
        0.7307692307692307
    ],
    "50": [
        0.2692307692307692,
        0.8076923076923077
    ],
    "51": [
        0.2692307692307692,
        0.8846153846153846
    ],
    "52": [
        0.2692307692307692,
        0.9615384615384616
    ],
    "53": [
        0.34615384615384615,
        0.038461538461538464
    ],
    "54": [
        0.34615384615384615,
        0.11538461538461539
    ],
    "55": [
        0.34615384615384615,
        0.19230769230769232
    ],
    "56": [
        0.34615384615384615,
        0.2692307692307692
    ],
    "57": [
        0.34615384615384615,
        0.34615384615384615
    ],
    "58": [
        0.34615384615384615,
        0.4230769230769231
    ],
    "59": [
        0.34615384615384615,
        0.5
    ],
    "60": [
        0.34615384615384615,
        0.5769230769230769
    ],
    "61": [
        0.34615384615384615,
        0.6538461538461539
    ],
    "62": [
        0.34615384615384615,
        0.7307692307692307
    ],
    "63": [
        0.34615384615384615,
        0.8076923076923077
    ],
    "64": [
        0.34615384615384615,
        0.8846153846153846
    ],
    "65": [
        0.34615384615384615,
        0.9615384615384616
    ],
    "66": [
        0.4230769230769231,
        0.038461538461538464
    ],
    "67": [
        0.4230769230769231,
        0.11538461538461539
    ],
    "68": [
        0.4230769230769231,
        0.19230769230769232
    ],
    "69": [
        0.4230769230769231,
        0.2692307692307692
    ],
    "70": [
        0.4230769230769231,
        0.34615384615384615
    ],
    "71": [
        0.4230769230769231,
        0.4230769230769231
    ],
    "72": [
        0.4230769230769231,
        0.5
    ],
    "73": [
        0.4230769230769231,
        0.5769230769230769
    ],
    "74": [
        0.4230769230769231,
        0.6538461538461539
    ],
    "75": [
        0.4230769230769231,
        0.7307692307692307
    ],
    "76": [
        0.4230769230769231,
        0.8076923076923077
    ],
    "77": [
        0.4230769230769231,
        0.8846153846153846
    ],
    "78": [
        0.4230769230769231,
        0.9615384615384616
    ],
    "79": [
        0.5,
        0.038461538461538464
    ],
    "80": [
        0.5,
        0.11538461538461539
    ],
    "81": [
        0.5,
        0.19230769230769232
    ],
    "82": [
        0.5,
        0.2692307692307692
    ],
    "83": [
        0.5,
        0.34615384615384615
    ],
    "84": [
        0.5,
        0.4230769230769231
    ],
    "85": [
        0.5,
        0.5
    ],
    "86": [
        0.5,
        0.5769230769230769
    ],
    "87": [
        0.5,
        0.6538461538461539
    ],
    "88": [
        0.5,
        0.7307692307692307
    ],
    "89": [
        0.5,
        0.8076923076923077
    ],
    "90": [
        0.5,
        0.8846153846153846
    ],
    "91": [
        0.5,
        0.9615384615384616
    ],
    "92": [
        0.5769230769230769,
        0.038461538461538464
    ],
    "93": [
        0.5769230769230769,
        0.11538461538461539
    ],
    "94": [
        0.5769230769230769,
        0.19230769230769232
    ],
    "95": [
        0.5769230769230769,
        0.2692307692307692
    ],
    "96": [
        0.5769230769230769,
        0.34615384615384615
    ],
    "97": [
        0.5769230769230769,
        0.4230769230769231
    ],
    "98": [
        0.5769230769230769,
        0.5
    ],
    "99": [
        0.5769230769230769,
        0.5769230769230769
    ],
    "100": [
        0.5769230769230769,
        0.6538461538461539
    ],
    "101": [
        0.5769230769230769,
        0.7307692307692307
    ],
    "102": [
        0.5769230769230769,
        0.8076923076923077
    ],
    "103": [
        0.5769230769230769,
        0.8846153846153846
    ],
    "104": [
        0.5769230769230769,
        0.9615384615384616
    ],
    "105": [
        0.6538461538461539,
        0.038461538461538464
    ],
    "106": [
        0.6538461538461539,
        0.11538461538461539
    ],
    "107": [
        0.6538461538461539,
        0.19230769230769232
    ],
    "108": [
        0.6538461538461539,
        0.2692307692307692
    ],
    "109": [
        0.6538461538461539,
        0.34615384615384615
    ],
    "110": [
        0.6538461538461539,
        0.4230769230769231
    ],
    "111": [
        0.6538461538461539,
        0.5
    ],